{
  "timestamp": "2025-12-14T04:11:33.925698",
  "with_balancer": true,
  "balancer_config": {
    "interval": 10,
    "smoothing": 0.3
  },
  "task_statistics": [
    {
      "app_name": "fast_task",
      "app_weight": 2.7469901432004296,
      "total_workunits": 478,
      "pending_results": 26,
      "in_progress_results": 210,
      "completed_results": 242,
      "failed_results": 9,
      "avg_elapsed_time": 26.225829152892576,
      "avg_cpu_time": 0,
      "avg_credit": 0.06131756553131044,
      "total_credit": 14.838850858577127,
      "avg_queue_time": 111.9783,
      "avg_execution_time": 64.1036,
      "min_elapsed_time": 1.004841,
      "max_elapsed_time": 43.505976
    },
    {
      "app_name": "long_task",
      "app_weight": 0.2976026475436444,
      "total_workunits": 471,
      "pending_results": 28,
      "in_progress_results": 203,
      "completed_results": 240,
      "failed_results": 2,
      "avg_elapsed_time": 34.89678398333331,
      "avg_cpu_time": 0,
      "avg_credit": 0.08109665466967021,
      "total_credit": 19.46319712072085,
      "avg_queue_time": 112.0472,
      "avg_execution_time": 73.5207,
      "min_elapsed_time": 30.893435,
      "max_elapsed_time": 44.255749
    },
    {
      "app_name": "medium_task",
      "app_weight": 0.16461143885566157,
      "total_workunits": 473,
      "pending_results": 14,
      "in_progress_results": 216,
      "completed_results": 243,
      "failed_results": 10,
      "avg_elapsed_time": 29.14308642386831,
      "avg_cpu_time": 0,
      "avg_credit": 0.06751289127175514,
      "total_credit": 16.4056325790365,
      "avg_queue_time": 113.0341,
      "avg_execution_time": 67.3478,
      "min_elapsed_time": 9.758421,
      "max_elapsed_time": 44.596354
    },
    {
      "app_name": "random_task",
      "app_weight": 2.09752714200262,
      "total_workunits": 468,
      "pending_results": 20,
      "in_progress_results": 204,
      "completed_results": 244,
      "failed_results": 10,
      "avg_elapsed_time": 28.468087622950804,
      "avg_cpu_time": 0,
      "avg_credit": 0.06579636463753863,
      "total_credit": 16.054312971559426,
      "avg_queue_time": 115.2969,
      "avg_execution_time": 67.3307,
      "min_elapsed_time": 5.130986,
      "max_elapsed_time": 42.458361
    }
  ],
  "client_statistics": [
    {
      "host_id": 1,
      "host_name": "boinc-client-1",
      "host_fpops": 1000000000,
      "total_results": 95,
      "completed_results": 0,
      "failed_results": 31,
      "in_progress_results": 64,
      "fast_task_completed": 0,
      "medium_task_completed": 0,
      "long_task_completed": 0,
      "random_task_completed": 0,
      "avg_elapsed_time": 0,
      "total_credit": 0,
      "last_completion_time": 1765674663,
      "last_rpc_time": 1765674675,
      "host_create_time": 1765674404,
      "first_task_sent_time": 1765674553,
      "idle_time_seconds": 30,
      "has_active_tasks": true,
      "time_since_last_rpc_seconds": 18,
      "time_since_connect_seconds": 289
    },
    {
      "host_id": 3,
      "host_name": "boinc-client-7",
      "host_fpops": 1000000000,
      "total_results": 32,
      "completed_results": 0,
      "failed_results": 0,
      "in_progress_results": 32,
      "fast_task_completed": 0,
      "medium_task_completed": 0,
      "long_task_completed": 0,
      "random_task_completed": 0,
      "avg_elapsed_time": 0,
      "total_credit": 0,
      "last_completion_time": 0,
      "last_rpc_time": 1765674562,
      "host_create_time": 1765674409,
      "first_task_sent_time": 1765674556,
      "idle_time_seconds": 0,
      "has_active_tasks": true,
      "time_since_last_rpc_seconds": 131,
      "time_since_connect_seconds": 284
    },
    {
      "host_id": 4,
      "host_name": "boinc-client-3",
      "host_fpops": 1000000000,
      "total_results": 32,
      "completed_results": 0,
      "failed_results": 0,
      "in_progress_results": 32,
      "fast_task_completed": 0,
      "medium_task_completed": 0,
      "long_task_completed": 0,
      "random_task_completed": 0,
      "avg_elapsed_time": 0,
      "total_credit": 0,
      "last_completion_time": 0,
      "last_rpc_time": 1765674592,
      "host_create_time": 1765674409,
      "first_task_sent_time": 1765674578,
      "idle_time_seconds": 0,
      "has_active_tasks": true,
      "time_since_last_rpc_seconds": 101,
      "time_since_connect_seconds": 284
    },
    {
      "host_id": 5,
      "host_name": "boinc-client-5",
      "host_fpops": 1000000000,
      "total_results": 26,
      "completed_results": 0,
      "failed_results": 0,
      "in_progress_results": 26,
      "fast_task_completed": 0,
      "medium_task_completed": 0,
      "long_task_completed": 0,
      "random_task_completed": 0,
      "avg_elapsed_time": 0,
      "total_credit": 0,
      "last_completion_time": 0,
      "last_rpc_time": 1765674575,
      "host_create_time": 1765674410,
      "first_task_sent_time": 1765674562,
      "idle_time_seconds": 0,
      "has_active_tasks": true,
      "time_since_last_rpc_seconds": 118,
      "time_since_connect_seconds": 283
    },
    {
      "host_id": 7,
      "host_name": "boinc-client-2",
      "host_fpops": 1000000000,
      "total_results": 128,
      "completed_results": 0,
      "failed_results": 0,
      "in_progress_results": 128,
      "fast_task_completed": 0,
      "medium_task_completed": 0,
      "long_task_completed": 0,
      "random_task_completed": 0,
      "avg_elapsed_time": 0,
      "total_credit": 0,
      "last_completion_time": 0,
      "last_rpc_time": 1765674610,
      "host_create_time": 1765674411,
      "first_task_sent_time": 1765674573,
      "idle_time_seconds": 0,
      "has_active_tasks": true,
      "time_since_last_rpc_seconds": 83,
      "time_since_connect_seconds": 282
    },
    {
      "host_id": 8,
      "host_name": "boinc-client-6",
      "host_fpops": 1000000000,
      "total_results": 283,
      "completed_results": 213,
      "failed_results": 0,
      "in_progress_results": 70,
      "fast_task_completed": 51,
      "medium_task_completed": 50,
      "long_task_completed": 48,
      "random_task_completed": 64,
      "avg_elapsed_time": 31.58423676525822,
      "total_credit": 15.49550598966519,
      "last_completion_time": 1765674679,
      "last_rpc_time": 1765674679,
      "host_create_time": 1765674412,
      "first_task_sent_time": 1765674423,
      "idle_time_seconds": 14,
      "has_active_tasks": true,
      "time_since_last_rpc_seconds": 14,
      "time_since_connect_seconds": 281
    },
    {
      "host_id": 9,
      "host_name": "boinc-client-9",
      "host_fpops": 1000000000,
      "total_results": 10,
      "completed_results": 0,
      "failed_results": 0,
      "in_progress_results": 10,
      "fast_task_completed": 0,
      "medium_task_completed": 0,
      "long_task_completed": 0,
      "random_task_completed": 0,
      "avg_elapsed_time": 0,
      "total_credit": 0,
      "last_completion_time": 0,
      "last_rpc_time": 1765674564,
      "host_create_time": 1765674414,
      "first_task_sent_time": 1765674557,
      "idle_time_seconds": 0,
      "has_active_tasks": true,
      "time_since_last_rpc_seconds": 129,
      "time_since_connect_seconds": 279
    },
    {
      "host_id": 10,
      "host_name": "boinc-client-16",
      "host_fpops": 1000000000,
      "total_results": 53,
      "completed_results": 0,
      "failed_results": 0,
      "in_progress_results": 53,
      "fast_task_completed": 0,
      "medium_task_completed": 0,
      "long_task_completed": 0,
      "random_task_completed": 0,
      "avg_elapsed_time": 0,
      "total_credit": 0,
      "last_completion_time": 0,
      "last_rpc_time": 1765674591,
      "host_create_time": 1765674414,
      "first_task_sent_time": 1765674577,
      "idle_time_seconds": 0,
      "has_active_tasks": true,
      "time_since_last_rpc_seconds": 102,
      "time_since_connect_seconds": 279
    },
    {
      "host_id": 11,