{
  "timestamp": "2025-12-14T08:26:43.910487",
  "with_balancer": true,
  "balancer_config": {
    "interval": 1,
    "smoothing": 0.1
  },
  "task_statistics": [
    {
      "app_name": "fast_task",
      "app_weight": 999.9954254622385,
      "completed_workunits": 355,
      "completed_results": 355,
      "avg_elapsed_time": 1.1170791028571436,
      "avg_cpu_time": 0,
      "avg_credit": 0.002595027932541886,
      "total_credit": 0.8926896087944087,
      "avg_queue_time": 191.5662,
      "avg_execution_time": 194.9803,
      "min_elapsed_time": 1.00326,
      "max_elapsed_time": 3.616598
    },
    {
      "app_name": "long_task",
      "app_weight": 0.00100999,
      "completed_workunits": 348,
      "completed_results": 348,
      "avg_elapsed_time": 31.331904870689645,
      "avg_cpu_time": 0,
      "avg_credit": 0.07257081622192665,
      "total_credit": 24.96436078034277,
      "avg_queue_time": 187.5144,
      "avg_execution_time": 220.6178,
      "min_elapsed_time": 29.147611,
      "max_elapsed_time": 32.886108
    },
    {
      "app_name": "medium_task",
      "app_weight": 0.0014292049071007553,
      "completed_workunits": 341,
      "completed_results": 341,
      "avg_elapsed_time": 10.48619234017595,
      "avg_cpu_time": 0,
      "avg_credit": 0.024280847656519965,
      "total_credit": 8.109803117277668,
      "avg_queue_time": 199.1056,
      "avg_execution_time": 198.8035,
      "min_elapsed_time": 9.017515,
      "max_elapsed_time": 12.634297
    },
    {
      "app_name": "random_task",
      "app_weight": 0.004324058598273451,
      "completed_workunits": 367,
      "completed_results": 367,
      "avg_elapsed_time": 10.153555705722074,
      "avg_cpu_time": 0,
      "avg_credit": 0.023903757253269625,
      "total_credit": 8.629256368430335,
      "avg_queue_time": 197.2643,
      "avg_execution_time": 199.5804,
      "min_elapsed_time": 4.01888,
      "max_elapsed_time": 16.629624
    }
  ],
  "client_statistics": [
    {
      "host_id": 3,
      "host_name": "boinc-client-3",
      "host_fpops": 1000000000,
      "completed_results": 87,
      "fast_task_completed": 24,
      "medium_task_completed": 21,
      "long_task_completed": 23,
      "random_task_completed": 19,
      "avg_elapsed_time": 13.446698080459766,
      "total_credit": 2.6409355335549223,
      "last_completion_time": 1765689999,
      "last_rpc_time": 1765689999,
      "host_create_time": 1765689184,
      "first_task_sent_time": 1765689359,
      "idle_time_seconds": 4,
      "time_since_last_rpc_seconds": 4,
      "time_since_connect_seconds": 819
    },
    {
      "host_id": 4,
      "host_name": "boinc-client-4",
      "host_fpops": 1000000000,
      "completed_results": 74,
      "fast_task_completed": 15,
      "medium_task_completed": 23,
      "long_task_completed": 25,
      "random_task_completed": 11,
      "avg_elapsed_time": 15.740248068493148,
      "total_credit": 2.5953967914759013,
      "last_completion_time": 1765689997,
      "last_rpc_time": 1765689997,
      "host_create_time": 1765689188,
      "first_task_sent_time": 1765689366,
      "idle_time_seconds": 6,
      "time_since_last_rpc_seconds": 6,
      "time_since_connect_seconds": 815
    },
    {
      "host_id": 6,
      "host_name": "boinc-client-5",
      "host_fpops": 1000000000,
      "completed_results": 90,
      "fast_task_completed": 25,
      "medium_task_completed": 19,
      "long_task_completed": 21,
      "random_task_completed": 25,
      "avg_elapsed_time": 12.653106622222221,
      "total_credit": 2.5621105577741923,
      "last_completion_time": 1765689999,
      "last_rpc_time": 1765689999,
      "host_create_time": 1765689194,
      "first_task_sent_time": 1765689368,
      "idle_time_seconds": 4,
      "time_since_last_rpc_seconds": 4,
      "time_since_connect_seconds": 809
    },
    {
      "host_id": 7,
      "host_name": "boinc-client-8",
      "host_fpops": 1000000000,
      "completed_results": 84,
      "fast_task_completed": 18,
      "medium_task_completed": 22,
      "long_task_completed": 20,
      "random_task_completed": 24,
      "avg_elapsed_time": 13.616834464285702,
      "total_credit": 2.536264458506283,
      "last_completion_time": 1765690003,
      "last_rpc_time": 1765690003,
      "host_create_time": 1765689198,
      "first_task_sent_time": 1765689370,
      "idle_time_seconds": 0,
      "time_since_last_rpc_seconds": 0,
      "time_since_connect_seconds": 805
    },
    {
      "host_id": 9,
      "host_name": "boinc-client-9",
      "host_fpops": 1000000000,
      "completed_results": 99,
      "fast_task_completed": 31,
      "medium_task_completed": 25,
      "long_task_completed": 19,
      "random_task_completed": 24,
      "avg_elapsed_time": 11.309597404040403,
      "total_credit": 2.516557837030962,
      "last_completion_time": 1765689997,
      "last_rpc_time": 1765689997,
      "host_create_time": 1765689204,
      "first_task_sent_time": 1765689367,
      "idle_time_seconds": 6,
      "time_since_last_rpc_seconds": 6,
      "time_since_connect_seconds": 799
    },
    {
      "host_id": 10,
      "host_name": "boinc-client-10",
      "host_fpops": 1000000000,
      "completed_results": 90,
      "fast_task_completed": 21,
      "medium_task_completed": 24,
      "long_task_completed": 20,
      "random_task_completed": 25,
      "avg_elapsed_time": 12.675178599999999,
      "total_credit": 2.660389403087531,
      "last_completion_time": 1765690002,
      "last_rpc_time": 1765690002,
      "host_create_time": 1765689204,
      "first_task_sent_time": 1765689370,
      "idle_time_seconds": 1,
      "time_since_last_rpc_seconds": 1,
      "time_since_connect_seconds": 799
    },
    {
      "host_id": 11,
      "host_name": "boinc-client-12",
      "host_fpops": 1000000000,
      "completed_results": 86,
      "fast_task_completed": 21,
      "medium_task_completed": 17,
      "long_task_completed": 22,
      "random_task_completed": 26,
      "avg_elapsed_time": 13.369230235294117,
      "total_credit": 2.6675382558445446,
      "last_completion_time": 1765689997,
      "last_rpc_time": 1765689997,
      "host_create_time": 1765689208,
      "first_task_sent_time": 1765689367,
      "idle_time_seconds": 6,
      "time_since_last_rpc_seconds": 6,
      "time_since_connect_seconds": 795
    },
    {
      "host_id": 12,
      "host_name": "boinc-client-11",
      "host_fpops": 1000000000,
      "completed_results": 80,
      "fast_task_completed": 20,
      "medium_task_completed": 11,
      "long_task_completed": 24,
      "random_task_completed": 25,
      "avg_elapsed_time": 14.350698750000003,
      "total_credit": 2.598594259650162,
      "last_completion_time": 1765689998,
      "last_rpc_time": 1765689998,
      "host_create_time": 1765689209,
      "first_task_sent_time": 1765689365,
      "idle_time_seconds": 5,
      "time_since_last_rpc_seconds": 5,
      "time_since_connect_seconds": 794
    },
    {
      "host_id": 13,
      "host_name": "boinc-client-14",
      "host_fpops": 1000000000,
      "completed_results": 92,
      "fast_task_completed": 23,
      "medium_task_completed": 33,
      "long_task_completed": 18,
      "random_task_completed": 18,
      "avg_elapsed_time": 12.163431637362637,
      "total_credit": 2.5944951136655554,
      "last_completion_time": 1765689993,
      "last_rpc_time": 1765689993,
      "host_create_time": 1765689213,
      "first_task_sent_time": 1765689367,
      "idle_time_seconds": 10,
      "time_since_last_rpc_seconds": 10,
      "time_since_connect_seconds": 790
    },
    {
      "host_id": 14,
      "host_name": "boinc-client-13",
      "host_fpops": 1000000000,
      "completed_results": 91,
      "fast_task_completed": 20,
      "medium_task_completed": 22,
      "long_task_completed": 18,
      "random_task_completed": 31,
      "avg_elapsed_time": 12.42887282417582,
      "total_credit": 2.5772024290927606,
      "last_completion_time": 1765690002,