{
  "timestamp": "2025-12-14T06:03:28.191049",
  "with_balancer": true,
  "balancer_config": {
    "interval": 1,
    "smoothing": 0.1
  },
  "task_statistics": [
    {
      "app_name": "fast_task",
      "app_weight": 0.1,
      "completed_workunits": 552,
      "completed_results": 552,
      "avg_elapsed_time": 31.74622393284939,
      "avg_cpu_time": 0,
      "avg_credit": 0.07339004469581467,
      "total_credit": 38.16282324182363,
      "avg_queue_time": 139.8895,
      "avg_execution_time": 85.2174,
      "min_elapsed_time": 1.019843,
      "max_elapsed_time": 71.634484
    },
    {
      "app_name": "long_task",
      "app_weight": 0.10284010330206811,
      "completed_workunits": 531,
      "completed_results": 531,
      "avg_elapsed_time": 43.06571891148778,
      "avg_cpu_time": 0,
      "avg_credit": 0.09033413176311818,
      "total_credit": 44.62506109098038,
      "avg_queue_time": 161.3522,
      "avg_execution_time": 101.838,
      "min_elapsed_time": 8.437882,
      "max_elapsed_time": 91.283712
    },
    {
      "app_name": "medium_task",
      "app_weight": 0.1,
      "completed_workunits": 543,
      "completed_results": 543,
      "avg_elapsed_time": 32.762963718232044,
      "avg_cpu_time": 0,
      "avg_credit": 0.07844152169691052,
      "total_credit": 40.24050063051509,
      "avg_queue_time": 147.2044,
      "avg_execution_time": 88.8361,
      "min_elapsed_time": 4.141423,
      "max_elapsed_time": 66.437008
    },
    {
      "app_name": "random_task",
      "app_weight": 10,
      "completed_workunits": 288,
      "completed_results": 288,
      "avg_elapsed_time": 36.30789921875,
      "avg_cpu_time": 0,
      "avg_credit": 0.08180278215364477,
      "total_credit": 21.43232892425493,
      "avg_queue_time": 226.4167,
      "avg_execution_time": 97.7743,
      "min_elapsed_time": 3.045389,
      "max_elapsed_time": 72.493288
    }
  ],
  "client_statistics": [
    {
      "host_id": 1,
      "host_name": "boinc-client-2",
      "host_fpops": 1000000000,
      "completed_results": 62,
      "fast_task_completed": 14,
      "medium_task_completed": 24,
      "long_task_completed": 21,
      "random_task_completed": 3,
      "avg_elapsed_time": 29.577261790322584,
      "total_credit": 4.195510073934967,
      "last_completion_time": 1765681398,
      "last_rpc_time": 1765681398,
      "host_create_time": 1765680921,
      "first_task_sent_time": 1765681102,
      "idle_time_seconds": 10,
      "time_since_last_rpc_seconds": 10,
      "time_since_connect_seconds": 487
    },
    {
      "host_id": 2,
      "host_name": "boinc-client-7",
      "host_fpops": 1000000000,
      "completed_results": 76,
      "fast_task_completed": 12,
      "medium_task_completed": 6,
      "long_task_completed": 43,
      "random_task_completed": 15,
      "avg_elapsed_time": 46.45548411842103,
      "total_credit": 5.319418824284566,
      "last_completion_time": 1765681396,
      "last_rpc_time": 1765681396,
      "host_create_time": 1765680921,
      "first_task_sent_time": 1765681112,
      "idle_time_seconds": 12,
      "time_since_last_rpc_seconds": 12,
      "time_since_connect_seconds": 487
    },
    {
      "host_id": 3,
      "host_name": "boinc-client-3",
      "host_fpops": 1000000000,
      "completed_results": 71,
      "fast_task_completed": 35,
      "medium_task_completed": 19,
      "long_task_completed": 6,
      "random_task_completed": 11,
      "avg_elapsed_time": 33.11473947887323,
      "total_credit": 4.100592432758186,
      "last_completion_time": 1765681403,
      "last_rpc_time": 1765681403,
      "host_create_time": 1765680921,
      "first_task_sent_time": 1765681076,
      "idle_time_seconds": 5,
      "time_since_last_rpc_seconds": 5,
      "time_since_connect_seconds": 487
    },
    {
      "host_id": 4,
      "host_name": "boinc-client-4",
      "host_fpops": 1000000000,
      "completed_results": 84,
      "fast_task_completed": 19,
      "medium_task_completed": 15,
      "long_task_completed": 32,
      "random_task_completed": 18,
      "avg_elapsed_time": 37.40368051190476,
      "total_credit": 6.119870629232466,
      "last_completion_time": 1765681403,
      "last_rpc_time": 1765681403,
      "host_create_time": 1765680921,
      "first_task_sent_time": 1765681083,
      "idle_time_seconds": 5,
      "time_since_last_rpc_seconds": 5,
      "time_since_connect_seconds": 487
    },
    {
      "host_id": 5,
      "host_name": "boinc-client-5",
      "host_fpops": 1000000000,
      "completed_results": 79,
      "fast_task_completed": 9,
      "medium_task_completed": 32,
      "long_task_completed": 33,
      "random_task_completed": 5,
      "avg_elapsed_time": 28.2162932278481,
      "total_credit": 4.943181314696739,
      "last_completion_time": 1765681401,
      "last_rpc_time": 1765681401,
      "host_create_time": 1765680921,
      "first_task_sent_time": 1765681077,
      "idle_time_seconds": 7,
      "time_since_last_rpc_seconds": 7,
      "time_since_connect_seconds": 487
    },
    {
      "host_id": 6,
      "host_name": "boinc-client-6",
      "host_fpops": 1000000000,
      "completed_results": 84,
      "fast_task_completed": 14,
      "medium_task_completed": 12,
      "long_task_completed": 31,
      "random_task_completed": 27,
      "avg_elapsed_time": 43.70945572619048,
      "total_credit": 7.053149595613149,
      "last_completion_time": 1765681403,
      "last_rpc_time": 1765681403,
      "host_create_time": 1765680922,
      "first_task_sent_time": 1765681083,
      "idle_time_seconds": 5,
      "time_since_last_rpc_seconds": 5,
      "time_since_connect_seconds": 486
    },
    {
      "host_id": 7,
      "host_name": "boinc-client-1",
      "host_fpops": 1000000000,
      "completed_results": 46,
      "fast_task_completed": 7,
      "medium_task_completed": 36,
      "long_task_completed": 2,
      "random_task_completed": 1,
      "avg_elapsed_time": 31.03912784782608,
      "total_credit": 4.238780051667793,
      "last_completion_time": 1765681281,
      "last_rpc_time": 1765681281,
      "host_create_time": 1765680922,
      "first_task_sent_time": 1765681077,
      "idle_time_seconds": 127,
      "time_since_last_rpc_seconds": 127,
      "time_since_connect_seconds": 486
    },
    {
      "host_id": 8,
      "host_name": "boinc-client-11",
      "host_fpops": 1000000000,
      "completed_results": 33,
      "fast_task_completed": 3,
      "medium_task_completed": 6,
      "long_task_completed": 19,
      "random_task_completed": 5,
      "avg_elapsed_time": 27.89904654545454,
      "total_credit": 2.18919556089836,
      "last_completion_time": 1765681281,
      "last_rpc_time": 1765681281,
      "host_create_time": 1765680927,
      "first_task_sent_time": 1765681083,
      "idle_time_seconds": 127,
      "time_since_last_rpc_seconds": 127,
      "time_since_connect_seconds": 481
    },
    {
      "host_id": 9,
      "host_name": "boinc-client-8",
      "host_fpops": 1000000000,
      "completed_results": 78,
      "fast_task_completed": 20,
      "medium_task_completed": 28,
      "long_task_completed": 26,
      "random_task_completed": 4,
      "avg_elapsed_time": 29.995623205128204,
      "total_credit": 4.8247037092318825,
      "last_completion_time": 1765681403,
      "last_rpc_time": 1765681403,
      "host_create_time": 1765680927,
      "first_task_sent_time": 1765681115,
      "idle_time_seconds": 5,
      "time_since_last_rpc_seconds": 5,
      "time_since_connect_seconds": 481
    },
    {
      "host_id": 10,
      "host_name": "boinc-client-9",
      "host_fpops": 1000000000,
      "completed_results": 41,
      "fast_task_completed": 1,
      "medium_task_completed": 4,
      "long_task_completed": 20,
      "random_task_completed": 16,
      "avg_elapsed_time": 45.06659197560976,
      "total_credit": 4.0319537169001824,
      "last_completion_time": 1765681281,
      "last_rpc_time": 1765681281,
      "host_create_time": 1765680927,