{
  "timestamp": "2025-12-14T08:05:57.606258",
  "with_balancer": true,
  "balancer_config": {
    "interval": 1,
    "smoothing": 0.1
  },
  "task_statistics": [
    {
      "app_name": "fast_task",
      "app_weight": 0.10000140720938049,
      "completed_workunits": 172,
      "completed_results": 172,
      "avg_elapsed_time": 1.131983226993865,
      "avg_cpu_time": 0,
      "avg_credit": 0.3497387791847091,
      "total_credit": 58.756114903031126,
      "avg_queue_time": 98.7791,
      "avg_execution_time": 137.3721,
      "min_elapsed_time": 1.003411,
      "max_elapsed_time": 2.634462
    },
    {
      "app_name": "long_task",
      "app_weight": 9.99609076322356,
      "completed_workunits": 158,
      "completed_results": 158,
      "avg_elapsed_time": 31.39153720886075,
      "avg_cpu_time": 0,
      "avg_credit": 0.0726339862649749,
      "total_credit": 11.330901857336084,
      "avg_queue_time": 91.1329,
      "avg_execution_time": 158.8165,
      "min_elapsed_time": 29.199314,
      "max_elapsed_time": 33.62393
    },
    {
      "app_name": "medium_task",
      "app_weight": 9.999994429630263,
      "completed_workunits": 176,
      "completed_results": 176,
      "avg_elapsed_time": 10.523900874999997,
      "avg_cpu_time": 0,
      "avg_credit": 0.024327019112528984,
      "total_credit": 4.135593249129927,
      "avg_queue_time": 99.5909,
      "avg_execution_time": 148.108,
      "min_elapsed_time": 9.020469,
      "max_elapsed_time": 12.722027
    },
    {
      "app_name": "random_task",
      "app_weight": 9.999999278147321,
      "completed_workunits": 190,
      "completed_results": 190,
      "avg_elapsed_time": 10.24351882105263,
      "avg_cpu_time": 0,
      "avg_credit": 0.023488869442749374,
      "total_credit": 4.439396324679632,
      "avg_queue_time": 91.5368,
      "avg_execution_time": 148.6053,
      "min_elapsed_time": 5.014762,
      "max_elapsed_time": 16.700426
    }
  ],
  "client_statistics": [
    {
      "host_id": 2,
      "host_name": "boinc-client-2",
      "host_fpops": 1000000000,
      "completed_results": 42,
      "fast_task_completed": 9,
      "medium_task_completed": 12,
      "long_task_completed": 9,
      "random_task_completed": 12,
      "avg_elapsed_time": 12.817886023809521,
      "total_credit": 1.2474517763165822,
      "last_completion_time": 1765688744,
      "last_rpc_time": 1765688751,
      "host_create_time": 1765688255,
      "first_task_sent_time": 1765688433,
      "idle_time_seconds": 13,
      "time_since_last_rpc_seconds": 6,
      "time_since_connect_seconds": 502
    },
    {
      "host_id": 3,
      "host_name": "boinc-client-3",
      "host_fpops": 1000000000,
      "completed_results": 47,
      "fast_task_completed": 14,
      "medium_task_completed": 14,
      "long_task_completed": 9,
      "random_task_completed": 10,
      "avg_elapsed_time": 11.878919543478263,
      "total_credit": 9.575157083210417,
      "last_completion_time": 1765688751,
      "last_rpc_time": 1765688751,
      "host_create_time": 1765688257,
      "first_task_sent_time": 1765688440,
      "idle_time_seconds": 6,
      "time_since_last_rpc_seconds": 6,
      "time_since_connect_seconds": 500
    },
    {
      "host_id": 4,
      "host_name": "boinc-client-5",
      "host_fpops": 1000000000,
      "completed_results": 37,
      "fast_task_completed": 7,
      "medium_task_completed": 7,
      "long_task_completed": 11,
      "random_task_completed": 12,
      "avg_elapsed_time": 15.716407628571432,
      "total_credit": 17.9393361331542,
      "last_completion_time": 1765688745,
      "last_rpc_time": 1765688745,
      "host_create_time": 1765688259,
      "first_task_sent_time": 1765688433,
      "idle_time_seconds": 12,
      "time_since_last_rpc_seconds": 12,
      "time_since_connect_seconds": 498
    },
    {
      "host_id": 5,
      "host_name": "boinc-client-4",
      "host_fpops": 1000000000,
      "completed_results": 1,
      "fast_task_completed": 1,
      "medium_task_completed": 0,
      "long_task_completed": 0,
      "random_task_completed": 0,
      "avg_elapsed_time": 1.031449,
      "total_credit": 0.002387613425925926,
      "last_completion_time": 1765688447,
      "last_rpc_time": 1765688447,
      "host_create_time": 1765688261,
      "first_task_sent_time": 1765688433,
      "idle_time_seconds": 310,
      "time_since_last_rpc_seconds": 310,
      "time_since_connect_seconds": 496
    },
    {
      "host_id": 6,
      "host_name": "boinc-client-6",
      "host_fpops": 1000000000,
      "completed_results": 47,
      "fast_task_completed": 14,
      "medium_task_completed": 13,
      "long_task_completed": 9,
      "random_task_completed": 11,
      "avg_elapsed_time": 11.735458673913044,
      "total_credit": 1.2494962943947183,
      "last_completion_time": 1765688747,
      "last_rpc_time": 1765688747,
      "host_create_time": 1765688261,
      "first_task_sent_time": 1765688433,
      "idle_time_seconds": 10,
      "time_since_last_rpc_seconds": 10,
      "time_since_connect_seconds": 496
    },
    {
      "host_id": 7,
      "host_name": "boinc-client-7",
      "host_fpops": 1000000000,
      "completed_results": 38,
      "fast_task_completed": 8,
      "medium_task_completed": 9,
      "long_task_completed": 11,
      "random_task_completed": 10,
      "avg_elapsed_time": 14.435050052631581,
      "total_credit": 1.2695442087851845,
      "last_completion_time": 1765688749,
      "last_rpc_time": 1765688749,
      "host_create_time": 1765688268,
      "first_task_sent_time": 1765688433,
      "idle_time_seconds": 8,
      "time_since_last_rpc_seconds": 8,
      "time_since_connect_seconds": 489
    },
    {
      "host_id": 8,
      "host_name": "boinc-client-9",
      "host_fpops": 1000000000,
      "completed_results": 49,
      "fast_task_completed": 17,
      "medium_task_completed": 15,
      "long_task_completed": 7,
      "random_task_completed": 10,
      "avg_elapsed_time": 9.951505775510205,
      "total_credit": 1.1064229011653766,
      "last_completion_time": 1765688754,
      "last_rpc_time": 1765688754,
      "host_create_time": 1765688271,
      "first_task_sent_time": 1765688447,
      "idle_time_seconds": 3,
      "time_since_last_rpc_seconds": 3,
      "time_since_connect_seconds": 486
    },
    {
      "host_id": 9,
      "host_name": "boinc-client-8",
      "host_fpops": 1000000000,
      "completed_results": 41,
      "fast_task_completed": 10,
      "medium_task_completed": 9,
      "long_task_completed": 10,
      "random_task_completed": 12,
      "avg_elapsed_time": 13.806971825,
      "total_credit": 9.607748502721925,
      "last_completion_time": 1765688742,
      "last_rpc_time": 1765688742,
      "host_create_time": 1765688272,
      "first_task_sent_time": 1765688433,
      "idle_time_seconds": 15,
      "time_since_last_rpc_seconds": 15,
      "time_since_connect_seconds": 485
    },
    {
      "host_id": 10,
      "host_name": "boinc-client-10",
      "host_fpops": 1000000000,
      "completed_results": 44,
      "fast_task_completed": 14,
      "medium_task_completed": 12,
      "long_task_completed": 10,
      "random_task_completed": 8,
      "avg_elapsed_time": 12.162276720930231,
      "total_credit": 9.54407894454337,
      "last_completion_time": 1765688752,
      "last_rpc_time": 1765688752,
      "host_create_time": 1765688277,
      "first_task_sent_time": 1765688447,
      "idle_time_seconds": 5,
      "time_since_last_rpc_seconds": 5,
      "time_since_connect_seconds": 480
    },
    {
      "host_id": 11,
      "host_name": "boinc-client-11",
      "host_fpops": 1000000000,
      "completed_results": 49,
      "fast_task_completed": 10,
      "medium_task_completed": 14,
      "long_task_completed": 7,
      "random_task_completed": 18,
      "avg_elapsed_time": 11.601325877551023,
      "total_credit": 1.2015831285999303,
      "last_completion_time": 1765688754,
      "last_rpc_time": 1765688754,