{
  "timestamp": "2025-12-15T14:33:43.003798",
  "task_statistics": [
    {
      "app_name": "fast_task",
      "app_weight": 100,
      "completed_workunits": 722,
      "completed_results": 722,
      "avg_elapsed_time": 1.1123088157894734,
      "avg_cpu_time": 0,
      "avg_credit": 0.0026113708317997276,
      "total_credit": 1.8462391780824075,
      "avg_queue_time": 308.4086,
      "avg_execution_time": 149.3823,
      "min_elapsed_time": 1.003667,
      "max_elapsed_time": 3.483299,
      "in_progress_count": 1635
    },
    {
      "app_name": "long_task",
      "app_weight": 0.01045667587918528,
      "completed_workunits": 62,
      "completed_results": 62,
      "avg_elapsed_time": 30.98873659677419,
      "avg_cpu_time": 0,
      "avg_credit": 0.07173318656660692,
      "total_credit": 4.447457567129629,
      "avg_queue_time": 231.5484,
      "avg_execution_time": 168.6129,
      "min_elapsed_time": 29.141641,
      "max_elapsed_time": 31.722437,
      "in_progress_count": 80
    },
    {
      "app_name": "medium_task",
      "app_weight": 9.602308696303986,
      "completed_workunits": 131,
      "completed_results": 131,
      "avg_elapsed_time": 10.442792137404577,
      "avg_cpu_time": 0,
      "avg_credit": 0.024135203529921174,
      "total_credit": 3.0893060518299102,
      "avg_queue_time": 277.8321,
      "avg_execution_time": 121.5038,
      "min_elapsed_time": 9.095801,
      "max_elapsed_time": 12.52254,
      "in_progress_count": 451
    },
    {
      "app_name": "random_task",
      "app_weight": 4.525714243967898,
      "completed_workunits": 175,
      "completed_results": 175,
      "avg_elapsed_time": 10.118506417142854,
      "avg_cpu_time": 0,
      "avg_credit": 0.023436569980315746,
      "total_credit": 3.984216896653677,
      "avg_queue_time": 422.3543,
      "avg_execution_time": 187.3543,
      "min_elapsed_time": 5.020615,
      "max_elapsed_time": 15.65249,
      "in_progress_count": 313
    }
  ],
  "client_statistics": [
    {
      "host_id": 1,
      "host_name": "boinc-client-1",
      "host_fpops": 1000000000,
      "completed_results": 69,
      "fast_task_completed": 38,
      "medium_task_completed": 10,
      "long_task_completed": 9,
      "random_task_completed": 12,
      "avg_elapsed_time": 7.715703768115942,
      "total_credit": 1.2322194479493804,
      "last_completion_time": 1765797993,
      "last_rpc_time": 1765798000,
      "host_create_time": 1765797457,
      "first_task_sent_time": 1765797664,
      "idle_time_seconds": 430,
      "time_since_last_rpc_seconds": 423,
      "time_since_connect_seconds": 966
    },
    {
      "host_id": 3,
      "host_name": "boinc-client-2",
      "host_fpops": 1000000000,
      "completed_results": 142,
      "fast_task_completed": 98,
      "medium_task_completed": 9,
      "long_task_completed": 0,
      "random_task_completed": 35,
      "avg_elapsed_time": 3.8579461549295773,
      "total_credit": 1.0559456655942914,
      "last_completion_time": 1765798420,
      "last_rpc_time": 1765798420,
      "host_create_time": 1765797463,
      "first_task_sent_time": 1765798054,
      "idle_time_seconds": 3,
      "time_since_last_rpc_seconds": 3,
      "time_since_connect_seconds": 960
    },
    {
      "host_id": 5,
      "host_name": "boinc-client-5",
      "host_fpops": 1000000000,
      "completed_results": 194,
      "fast_task_completed": 137,
      "medium_task_completed": 16,
      "long_task_completed": 12,
      "random_task_completed": 29,
      "avg_elapsed_time": 5.127838118556701,
      "total_credit": 2.3257068849506815,
      "last_completion_time": 1765798294,
      "last_rpc_time": 1765798294,
      "host_create_time": 1765797467,
      "first_task_sent_time": 1765797664,
      "idle_time_seconds": 129,
      "time_since_last_rpc_seconds": 129,
      "time_since_connect_seconds": 956
    },
    {
      "host_id": 7,
      "host_name": "boinc-client-6",
      "host_fpops": 1000000000,
      "completed_results": 39,
      "fast_task_completed": 30,
      "medium_task_completed": 3,
      "long_task_completed": 4,
      "random_task_completed": 2,
      "avg_elapsed_time": 5.41908953846154,
      "total_credit": 0.49256953613288534,
      "last_completion_time": 1765797826,
      "last_rpc_time": 1765797826,
      "host_create_time": 1765797468,
      "first_task_sent_time": 1765797671,
      "idle_time_seconds": 597,
      "time_since_last_rpc_seconds": 597,
      "time_since_connect_seconds": 955
    },
    {
      "host_id": 8,
      "host_name": "boinc-client-9",
      "host_fpops": 1000000000,
      "completed_results": 57,
      "fast_task_completed": 34,
      "medium_task_completed": 9,
      "long_task_completed": 9,
      "random_task_completed": 5,
      "avg_elapsed_time": 8.084831859649125,
      "total_credit": 1.0667437910259152,
      "last_completion_time": 1765797952,
      "last_rpc_time": 1765797960,
      "host_create_time": 1765797471,
      "first_task_sent_time": 1765797664,
      "idle_time_seconds": 471,
      "time_since_last_rpc_seconds": 463,
      "time_since_connect_seconds": 952
    },
    {
      "host_id": 10,
      "host_name": "boinc-client-10",
      "host_fpops": 1000000000,
      "completed_results": 126,
      "fast_task_completed": 82,
      "medium_task_completed": 11,
      "long_task_completed": 0,
      "random_task_completed": 33,
      "avg_elapsed_time": 4.29779793650794,
      "total_credit": 1.260329347177086,
      "last_completion_time": 1765798405,
      "last_rpc_time": 1765798405,
      "host_create_time": 1765797473,
      "first_task_sent_time": 1765798059,
      "idle_time_seconds": 18,
      "time_since_last_rpc_seconds": 18,
      "time_since_connect_seconds": 950
    },
    {
      "host_id": 11,
      "host_name": "boinc-client-12",
      "host_fpops": 1000000000,
      "completed_results": 51,
      "fast_task_completed": 40,
      "medium_task_completed": 7,
      "long_task_completed": 1,
      "random_task_completed": 3,
      "avg_elapsed_time": 3.495691509803923,
      "total_credit": 0.4048523163587935,
      "last_completion_time": 1765797814,
      "last_rpc_time": 1765797821,
      "host_create_time": 1765797477,
      "first_task_sent_time": 1765797664,
      "idle_time_seconds": 609,
      "time_since_last_rpc_seconds": 602,
      "time_since_connect_seconds": 946
    },
    {
      "host_id": 12,
      "host_name": "boinc-client-11",
      "host_fpops": 1000000000,
      "completed_results": 31,
      "fast_task_completed": 9,
      "medium_task_completed": 22,
      "long_task_completed": 0,
      "random_task_completed": 0,
      "avg_elapsed_time": 7.763798483870968,
      "total_credit": 0.557124428240741,
      "last_completion_time": 1765797826,
      "last_rpc_time": 1765797826,
      "host_create_time": 1765797478,
      "first_task_sent_time": 1765797671,
      "idle_time_seconds": 597,
      "time_since_last_rpc_seconds": 597,
      "time_since_connect_seconds": 945
    },
    {
      "host_id": 13,
      "host_name": "boinc-client-15",
      "host_fpops": 1000000000,
      "completed_results": 154,
      "fast_task_completed": 103,
      "medium_task_completed": 10,
      "long_task_completed": 17,
      "random_task_completed": 24,
      "avg_elapsed_time": 6.415787363636362,
      "total_credit": 2.282080060489934,
      "last_completion_time": 1765798274,
      "last_rpc_time": 1765798274,
      "host_create_time": 1765797482,
      "first_task_sent_time": 1765797664,
      "idle_time_seconds": 149,
      "time_since_last_rpc_seconds": 149,
      "time_since_connect_seconds": 941
    },
    {
      "host_id": 14,
      "host_name": "boinc-client-13",
      "host_fpops": 1000000000,
      "completed_results": 46,
      "fast_task_completed": 34,
      "medium_task_completed": 5,
      "long_task_completed": 4,
      "random_task_completed": 3,
      "avg_elapsed_time": 5.238007173913043,
      "total_credit": 0.5583978328100764,