{
  "timestamp": "2025-12-15T18:00:13.086131",
  "task_statistics": [
    {
      "app_name": "fast_task",
      "app_weight": 20.85117380896519,
      "completed_workunits": 429,
      "completed_results": 429,
      "avg_elapsed_time": 1.1334850326340336,
      "avg_cpu_time": 0,
      "avg_credit": 0.002659786501407125,
      "total_credit": 1.1410484091036566,
      "avg_queue_time": 437.8322,
      "avg_execution_time": 79.1772,
      "min_elapsed_time": 1.003144,
      "max_elapsed_time": 3.486258,
      "in_progress_count": 929
    },
    {
      "app_name": "long_task",
      "app_weight": 0.018670482316442867,
      "completed_workunits": 64,
      "completed_results": 64,
      "avg_elapsed_time": 31.0105215,
      "avg_cpu_time": 0,
      "avg_credit": 0.07178361458333335,
      "total_credit": 4.594151333333334,
      "avg_queue_time": 480.9219,
      "avg_execution_time": 148.4844,
      "min_elapsed_time": 29.19585,
      "max_elapsed_time": 31.625374,
      "in_progress_count": 108
    },
    {
      "app_name": "medium_task",
      "app_weight": 1.2698446083294554,
      "completed_workunits": 170,
      "completed_results": 170,
      "avg_elapsed_time": 10.543768711764706,
      "avg_cpu_time": 0,
      "avg_credit": 0.024321914317355777,
      "total_credit": 4.110403519633127,
      "avg_queue_time": 465.0588,
      "avg_execution_time": 91.2941,
      "min_elapsed_time": 9.108415,
      "max_elapsed_time": 12.609149,
      "in_progress_count": 114
    },
    {
      "app_name": "random_task",
      "app_weight": 1.0494780919222646,
      "completed_workunits": 97,
      "completed_results": 97,
      "avg_elapsed_time": 10.273053134020621,
      "avg_cpu_time": 0,
      "avg_credit": 0.023690148550724637,
      "total_credit": 2.1794936666666667,
      "avg_queue_time": 484.0825,
      "avg_execution_time": 140.0722,
      "min_elapsed_time": 5.039309,
      "max_elapsed_time": 15.605304,
      "in_progress_count": 411
    }
  ],
  "client_statistics": [
    {
      "host_id": 1,
      "host_name": "boinc-client-3",
      "host_fpops": 1000000000,
      "completed_results": 80,
      "fast_task_completed": 46,
      "medium_task_completed": 10,
      "long_task_completed": 8,
      "random_task_completed": 16,
      "avg_elapsed_time": 6.899268812499997,
      "total_credit": 1.258780997934088,
      "last_completion_time": 1765810808,
      "last_rpc_time": 1765810808,
      "host_create_time": 1765810012,
      "first_task_sent_time": 1765810474,
      "idle_time_seconds": 5,
      "time_since_last_rpc_seconds": 5,
      "time_since_connect_seconds": 801
    },
    {
      "host_id": 3,
      "host_name": "boinc-client-1",
      "host_fpops": 1000000000,
      "completed_results": 84,
      "fast_task_completed": 46,
      "medium_task_completed": 32,
      "long_task_completed": 4,
      "random_task_completed": 2,
      "avg_elapsed_time": 6.380993321428571,
      "total_credit": 1.2156116714742773,
      "last_completion_time": 1765810807,
      "last_rpc_time": 1765810807,
      "host_create_time": 1765810014,
      "first_task_sent_time": 1765810473,
      "idle_time_seconds": 6,
      "time_since_last_rpc_seconds": 6,
      "time_since_connect_seconds": 799
    },
    {
      "host_id": 4,
      "host_name": "boinc-client-6",
      "host_fpops": 1000000000,
      "completed_results": 23,
      "fast_task_completed": 7,
      "medium_task_completed": 6,
      "long_task_completed": 10,
      "random_task_completed": 0,
      "avg_elapsed_time": 16.74158613043478,
      "total_credit": 0.8913344467592593,
      "last_completion_time": 1765810692,
      "last_rpc_time": 1765810713,
      "host_create_time": 1765810018,
      "first_task_sent_time": 1765810473,
      "idle_time_seconds": 121,
      "time_since_last_rpc_seconds": 100,
      "time_since_connect_seconds": 795
    },
    {
      "host_id": 5,
      "host_name": "boinc-client-4",
      "host_fpops": 1000000000,
      "completed_results": 78,
      "fast_task_completed": 45,
      "medium_task_completed": 21,
      "long_task_completed": 5,
      "random_task_completed": 7,
      "avg_elapsed_time": 6.309509525641026,
      "total_credit": 1.1409055983250918,
      "last_completion_time": 1765810800,
      "last_rpc_time": 1765810800,
      "host_create_time": 1765810019,
      "first_task_sent_time": 1765810474,
      "idle_time_seconds": 13,
      "time_since_last_rpc_seconds": 13,
      "time_since_connect_seconds": 794
    },
    {
      "host_id": 6,
      "host_name": "boinc-client-5",
      "host_fpops": 1000000000,
      "completed_results": 82,
      "fast_task_completed": 53,
      "medium_task_completed": 17,
      "long_task_completed": 6,
      "random_task_completed": 6,
      "avg_elapsed_time": 5.977777853658537,
      "total_credit": 1.1423117978656783,
      "last_completion_time": 1765810798,
      "last_rpc_time": 1765810806,
      "host_create_time": 1765810019,
      "first_task_sent_time": 1765810481,
      "idle_time_seconds": 15,
      "time_since_last_rpc_seconds": 7,
      "time_since_connect_seconds": 794
    },
    {
      "host_id": 9,
      "host_name": "boinc-client-11",
      "host_fpops": 1000000000,
      "completed_results": 70,
      "fast_task_completed": 41,
      "medium_task_completed": 11,
      "long_task_completed": 9,
      "random_task_completed": 9,
      "avg_elapsed_time": 7.692370814285716,
      "total_credit": 1.2485780490686278,
      "last_completion_time": 1765810806,
      "last_rpc_time": 1765810806,
      "host_create_time": 1765810029,
      "first_task_sent_time": 1765810473,
      "idle_time_seconds": 7,
      "time_since_last_rpc_seconds": 7,
      "time_since_connect_seconds": 784
    },
    {
      "host_id": 10,
      "host_name": "boinc-client-9",
      "host_fpops": 1000000000,
      "completed_results": 51,
      "fast_task_completed": 15,
      "medium_task_completed": 9,
      "long_task_completed": 10,
      "random_task_completed": 17,
      "avg_elapsed_time": 11.724644843137257,
      "total_credit": 1.328899588003277,
      "last_completion_time": 1765810812,
      "last_rpc_time": 1765810812,
      "host_create_time": 1765810030,
      "first_task_sent_time": 1765810473,
      "idle_time_seconds": 1,
      "time_since_last_rpc_seconds": 1,
      "time_since_connect_seconds": 783
    },
    {
      "host_id": 12,
      "host_name": "boinc-client-12",
      "host_fpops": 1000000000,
      "completed_results": 97,
      "fast_task_completed": 75,
      "medium_task_completed": 12,
      "long_task_completed": 6,
      "random_task_completed": 4,
      "avg_elapsed_time": 4.508033154639178,
      "total_credit": 1.0097546866697453,
      "last_completion_time": 1765810800,
      "last_rpc_time": 1765810800,
      "host_create_time": 1765810030,
      "first_task_sent_time": 1765810481,
      "idle_time_seconds": 13,
      "time_since_last_rpc_seconds": 13,
      "time_since_connect_seconds": 783
    },
    {
      "host_id": 13,
      "host_name": "boinc-client-14",
      "host_fpops": 1000000000,
      "completed_results": 6,
      "fast_task_completed": 1,
      "medium_task_completed": 5,
      "long_task_completed": 0,
      "random_task_completed": 0,
      "avg_elapsed_time": 8.897551,
      "total_credit": 0.12357709722222222,
      "last_completion_time": 1765810523,
      "last_rpc_time": 1765810523,
      "host_create_time": 1765810034,
      "first_task_sent_time": 1765810474,
      "idle_time_seconds": 290,
      "time_since_last_rpc_seconds": 290,
      "time_since_connect_seconds": 779
    },
    {
      "host_id": 14,
      "host_name": "boinc-client-13",
      "host_fpops": 1000000000,
      "completed_results": 44,
      "fast_task_completed": 9,
      "medium_task_completed": 14,
      "long_task_completed": 1,
      "random_task_completed": 20,
      "avg_elapsed_time": 8.83048945454545,
      "total_credit": 0.8987130725586782,
      "last_completion_time": 1765810707,