{
  "timestamp": "2025-12-15T17:11:31.767553",
  "task_statistics": [
    {
      "app_name": "fast_task",
      "app_weight": 1192.5332925124937,
      "completed_workunits": 740,
      "completed_results": 740,
      "avg_elapsed_time": 1.1214160852503383,
      "avg_cpu_time": 0,
      "avg_credit": 0.0026423685158087984,
      "total_credit": 1.952710333182702,
      "avg_queue_time": 452.3838,
      "avg_execution_time": 122.8419,
      "min_elapsed_time": 1.003,
      "max_elapsed_time": 3.480905,
      "in_progress_count": 2315
    },
    {
      "app_name": "long_task",
      "app_weight": 6.571236236353417e-05,
      "completed_workunits": 50,
      "completed_results": 50,
      "avg_elapsed_time": 30.99428051999999,
      "avg_cpu_time": 0,
      "avg_credit": 0.07174601972222222,
      "total_credit": 3.587300986111111,
      "avg_queue_time": 409.88,
      "avg_execution_time": 172.94,
      "min_elapsed_time": 29.300145,
      "max_elapsed_time": 32.715365,
      "in_progress_count": 69
    },
    {
      "app_name": "medium_task",
      "app_weight": 0.044681954001435716,
      "completed_workunits": 214,
      "completed_results": 214,
      "avg_elapsed_time": 10.470231294392514,
      "avg_cpu_time": 0,
      "avg_credit": 0.02433085601844161,
      "total_credit": 5.206803187946504,
      "avg_queue_time": 393.1495,
      "avg_execution_time": 94.5,
      "min_elapsed_time": 9.056646,
      "max_elapsed_time": 11.642251,
      "in_progress_count": 67
    },
    {
      "app_name": "random_task",
      "app_weight": 0.0032831888897900765,
      "completed_workunits": 154,
      "completed_results": 154,
      "avg_elapsed_time": 10.50803277922078,
      "avg_cpu_time": 0,
      "avg_credit": 0.024311506663638374,
      "total_credit": 3.7439720262003093,
      "avg_queue_time": 472.2792,
      "avg_execution_time": 213.9156,
      "min_elapsed_time": 5.017993,
      "max_elapsed_time": 16.58465,
      "in_progress_count": 234
    }
  ],
  "client_statistics": [
    {
      "host_id": 1,
      "host_name": "boinc-client-1",
      "host_fpops": 1000000000,
      "completed_results": 63,
      "fast_task_completed": 20,
      "medium_task_completed": 31,
      "long_task_completed": 4,
      "random_task_completed": 8,
      "avg_elapsed_time": 8.62374803174603,
      "total_credit": 1.2652366551645704,
      "last_completion_time": 1765807557,
      "last_rpc_time": 1765807557,
      "host_create_time": 1765806840,
      "first_task_sent_time": 1765807237,
      "idle_time_seconds": 334,
      "time_since_last_rpc_seconds": 334,
      "time_since_connect_seconds": 1051
    },
    {
      "host_id": 3,
      "host_name": "boinc-client-4",
      "host_fpops": 1000000000,
      "completed_results": 57,
      "fast_task_completed": 31,
      "medium_task_completed": 26,
      "long_task_completed": 0,
      "random_task_completed": 0,
      "avg_elapsed_time": 5.442500280701753,
      "total_credit": 0.7157660074397343,
      "last_completion_time": 1765807458,
      "last_rpc_time": 1765807465,
      "host_create_time": 1765806846,
      "first_task_sent_time": 1765807250,
      "idle_time_seconds": 433,
      "time_since_last_rpc_seconds": 426,
      "time_since_connect_seconds": 1045
    },
    {
      "host_id": 4,
      "host_name": "boinc-client-3",
      "host_fpops": 1000000000,
      "completed_results": 2,
      "fast_task_completed": 0,
      "medium_task_completed": 0,
      "long_task_completed": 2,
      "random_task_completed": 0,
      "avg_elapsed_time": 32.214431,
      "total_credit": 0.14914088425925925,
      "last_completion_time": 1765807287,
      "last_rpc_time": 1765807294,
      "host_create_time": 1765806847,
      "first_task_sent_time": 1765807239,
      "idle_time_seconds": 604,
      "time_since_last_rpc_seconds": 597,
      "time_since_connect_seconds": 1044
    },
    {
      "host_id": 5,
      "host_name": "boinc-client-7",
      "host_fpops": 1000000000,
      "completed_results": 140,
      "fast_task_completed": 87,
      "medium_task_completed": 1,
      "long_task_completed": 20,
      "random_task_completed": 32,
      "avg_elapsed_time": 7.636618164285715,
      "total_credit": 2.484505445087187,
      "last_completion_time": 1765807857,
      "last_rpc_time": 1765807857,
      "host_create_time": 1765806851,
      "first_task_sent_time": 1765807238,
      "idle_time_seconds": 34,
      "time_since_last_rpc_seconds": 34,
      "time_since_connect_seconds": 1040
    },
    {
      "host_id": 6,
      "host_name": "boinc-client-6",
      "host_fpops": 1000000000,
      "completed_results": 66,
      "fast_task_completed": 47,
      "medium_task_completed": 9,
      "long_task_completed": 3,
      "random_task_completed": 7,
      "avg_elapsed_time": 4.7565467272727275,
      "total_credit": 0.7268850910505876,
      "last_completion_time": 1765807465,
      "last_rpc_time": 1765807465,
      "host_create_time": 1765806852,
      "first_task_sent_time": 1765807250,
      "idle_time_seconds": 426,
      "time_since_last_rpc_seconds": 426,
      "time_since_connect_seconds": 1039
    },
    {
      "host_id": 7,
      "host_name": "boinc-client-5",
      "host_fpops": 1000000000,
      "completed_results": 4,
      "fast_task_completed": 0,
      "medium_task_completed": 0,
      "long_task_completed": 1,
      "random_task_completed": 3,
      "avg_elapsed_time": 15.0203615,
      "total_credit": 0.13907742129629627,
      "last_completion_time": 1765807294,
      "last_rpc_time": 1765807294,
      "host_create_time": 1765806852,
      "first_task_sent_time": 1765807239,
      "idle_time_seconds": 597,
      "time_since_last_rpc_seconds": 597,
      "time_since_connect_seconds": 1039
    },
    {
      "host_id": 8,
      "host_name": "boinc-client-9",
      "host_fpops": 1000000000,
      "completed_results": 177,
      "fast_task_completed": 107,
      "medium_task_completed": 27,
      "long_task_completed": 4,
      "random_task_completed": 39,
      "avg_elapsed_time": 5.287383807909605,
      "total_credit": 2.174091467043259,
      "last_completion_time": 1765807811,
      "last_rpc_time": 1765807811,
      "host_create_time": 1765806857,
      "first_task_sent_time": 1765807237,
      "idle_time_seconds": 80,
      "time_since_last_rpc_seconds": 80,
      "time_since_connect_seconds": 1034
    },
    {
      "host_id": 9,
      "host_name": "boinc-client-8",
      "host_fpops": 1000000000,
      "completed_results": 48,
      "fast_task_completed": 35,
      "medium_task_completed": 11,
      "long_task_completed": 1,
      "random_task_completed": 1,
      "avg_elapsed_time": 4.101627395833334,
      "total_credit": 0.4556231944496091,
      "last_completion_time": 1765807382,
      "last_rpc_time": 1765807382,
      "host_create_time": 1765806857,
      "first_task_sent_time": 1765807237,
      "idle_time_seconds": 509,
      "time_since_last_rpc_seconds": 509,
      "time_since_connect_seconds": 1034
    },
    {
      "host_id": 10,
      "host_name": "boinc-client-10",
      "host_fpops": 1000000000,
      "completed_results": 45,
      "fast_task_completed": 33,
      "medium_task_completed": 12,
      "long_task_completed": 0,
      "random_task_completed": 0,
      "avg_elapsed_time": 3.6545064666666667,
      "total_credit": 0.3807580877189675,
      "last_completion_time": 1765807383,
      "last_rpc_time": 1765807383,
      "host_create_time": 1765806859,
      "first_task_sent_time": 1765807250,
      "idle_time_seconds": 508,
      "time_since_last_rpc_seconds": 508,
      "time_since_connect_seconds": 1032
    },
    {
      "host_id": 11,
      "host_name": "boinc-client-11",
      "host_fpops": 1000000000,
      "completed_results": 117,
      "fast_task_completed": 59,
      "medium_task_completed": 21,
      "long_task_completed": 6,
      "random_task_completed": 31,
      "avg_elapsed_time": 6.830877418803422,
      "total_credit": 1.8420089919553888,