{
  "timestamp": "2025-12-15T18:25:02.192061",
  "task_statistics": [
    {
      "app_name": "fast_task",
      "app_weight": 100,
      "completed_workunits": 1142,
      "completed_results": 1142,
      "avg_elapsed_time": 1.1235234925373123,
      "avg_cpu_time": 0,
      "avg_credit": 0.0025724865970457615,
      "total_credit": 2.8966199082735273,
      "avg_queue_time": 428.7391,
      "avg_execution_time": 233.2058,
      "min_elapsed_time": 1.003195,
      "max_elapsed_time": 3.472593,
      "in_progress_count": 6858
    },
    {
      "app_name": "long_task",
      "app_weight": 0.047511778019455636,
      "completed_workunits": 211,
      "completed_results": 211,
      "avg_elapsed_time": 31.017570118483423,
      "avg_cpu_time": 0,
      "avg_credit": 0.07194073895391274,
      "total_credit": 15.179495919275588,
      "avg_queue_time": 436.4976,
      "avg_execution_time": 205.2844,
      "min_elapsed_time": 29.097753,
      "max_elapsed_time": 32.585886,
      "in_progress_count": 74
    },
    {
      "app_name": "medium_task",
      "app_weight": 0.12022984780092628,
      "completed_workunits": 360,
      "completed_results": 360,
      "avg_elapsed_time": 10.425000138888885,
      "avg_cpu_time": 0,
      "avg_credit": 0.024144322193520175,
      "total_credit": 8.643667345280223,
      "avg_queue_time": 478.3417,
      "avg_execution_time": 243.4611,
      "min_elapsed_time": 9.09591,
      "max_elapsed_time": 11.611984,
      "in_progress_count": 893
    },
    {
      "app_name": "random_task",
      "app_weight": 0.11526364144468658,
      "completed_workunits": 400,
      "completed_results": 400,
      "avg_elapsed_time": 9.865955732499996,
      "avg_cpu_time": 0,
      "avg_credit": 0.02320934464553802,
      "total_credit": 9.26052851356967,
      "avg_queue_time": 481.3325,
      "avg_execution_time": 253.355,
      "min_elapsed_time": 4.483527,
      "max_elapsed_time": 15.689239,
      "in_progress_count": 919
    }
  ],
  "client_statistics": [
    {
      "host_id": 1,
      "host_name": "boinc-client-1",
      "host_fpops": 1000000000,
      "completed_results": 146,
      "fast_task_completed": 78,
      "medium_task_completed": 26,
      "long_task_completed": 13,
      "random_task_completed": 29,
      "avg_elapsed_time": 7.146236924137926,
      "total_credit": 2.4240404712765353,
      "last_completion_time": 1765812262,
      "last_rpc_time": 1765812262,
      "host_create_time": 1765811164,
      "first_task_sent_time": 1765811647,
      "idle_time_seconds": 40,
      "time_since_last_rpc_seconds": 40,
      "time_since_connect_seconds": 1138
    },
    {
      "host_id": 2,
      "host_name": "boinc-client-3",
      "host_fpops": 1000000000,
      "completed_results": 27,
      "fast_task_completed": 9,
      "medium_task_completed": 4,
      "long_task_completed": 8,
      "random_task_completed": 6,
      "avg_elapsed_time": 13.525239518518518,
      "total_credit": 0.8453274699074075,
      "last_completion_time": 1765811864,
      "last_rpc_time": 1765811864,
      "host_create_time": 1765811168,
      "first_task_sent_time": 1765811649,
      "idle_time_seconds": 438,
      "time_since_last_rpc_seconds": 438,
      "time_since_connect_seconds": 1134
    },
    {
      "host_id": 3,
      "host_name": "boinc-client-2",
      "host_fpops": 1000000000,
      "completed_results": 154,
      "fast_task_completed": 82,
      "medium_task_completed": 26,
      "long_task_completed": 16,
      "random_task_completed": 30,
      "avg_elapsed_time": 7.2073912987013,
      "total_credit": 2.6316737550311884,
      "last_completion_time": 1765812300,
      "last_rpc_time": 1765812300,
      "host_create_time": 1765811169,
      "first_task_sent_time": 1765811647,
      "idle_time_seconds": 2,
      "time_since_last_rpc_seconds": 2,
      "time_since_connect_seconds": 1133
    },
    {
      "host_id": 4,
      "host_name": "boinc-client-6",
      "host_fpops": 1000000000,
      "completed_results": 79,
      "fast_task_completed": 41,
      "medium_task_completed": 20,
      "long_task_completed": 11,
      "random_task_completed": 7,
      "avg_elapsed_time": 8.52144205063291,
      "total_credit": 1.5569158964145429,
      "last_completion_time": 1765811957,
      "last_rpc_time": 1765811957,
      "host_create_time": 1765811172,
      "first_task_sent_time": 1765811565,
      "idle_time_seconds": 345,
      "time_since_last_rpc_seconds": 345,
      "time_since_connect_seconds": 1130
    },
    {
      "host_id": 5,
      "host_name": "boinc-client-4",
      "host_fpops": 1000000000,
      "completed_results": 62,
      "fast_task_completed": 53,
      "medium_task_completed": 7,
      "long_task_completed": 0,
      "random_task_completed": 2,
      "avg_elapsed_time": 2.383673467741934,
      "total_credit": 0.34269670488405324,
      "last_completion_time": 1765811694,
      "last_rpc_time": 1765811694,
      "host_create_time": 1765811173,
      "first_task_sent_time": 1765811564,
      "idle_time_seconds": 608,
      "time_since_last_rpc_seconds": 608,
      "time_since_connect_seconds": 1129
    },
    {
      "host_id": 6,
      "host_name": "boinc-client-5",
      "host_fpops": 1000000000,
      "completed_results": 94,
      "fast_task_completed": 43,
      "medium_task_completed": 17,
      "long_task_completed": 16,
      "random_task_completed": 18,
      "avg_elapsed_time": 9.573648382978725,
      "total_credit": 2.0847480374384824,
      "last_completion_time": 1765812168,
      "last_rpc_time": 1765812168,
      "host_create_time": 1765811174,
      "first_task_sent_time": 1765811653,
      "idle_time_seconds": 134,
      "time_since_last_rpc_seconds": 134,
      "time_since_connect_seconds": 1128
    },
    {
      "host_id": 7,
      "host_name": "boinc-client-9",
      "host_fpops": 1000000000,
      "completed_results": 116,
      "fast_task_completed": 42,
      "medium_task_completed": 25,
      "long_task_completed": 13,
      "random_task_completed": 36,
      "avg_elapsed_time": 9.150969215517247,
      "total_credit": 2.4790797614349276,
      "last_completion_time": 1765812177,
      "last_rpc_time": 1765812177,
      "host_create_time": 1765811178,
      "first_task_sent_time": 1765811569,
      "idle_time_seconds": 125,
      "time_since_last_rpc_seconds": 125,
      "time_since_connect_seconds": 1124
    },
    {
      "host_id": 8,
      "host_name": "boinc-client-7",
      "host_fpops": 1000000000,
      "completed_results": 42,
      "fast_task_completed": 14,
      "medium_task_completed": 26,
      "long_task_completed": 0,
      "random_task_completed": 2,
      "avg_elapsed_time": 7.213913238095239,
      "total_credit": 0.7023029272825251,
      "last_completion_time": 1765811760,
      "last_rpc_time": 1765811767,
      "host_create_time": 1765811178,
      "first_task_sent_time": 1765811570,
      "idle_time_seconds": 542,
      "time_since_last_rpc_seconds": 535,
      "time_since_connect_seconds": 1124
    },
    {
      "host_id": 9,
      "host_name": "boinc-client-8",
      "host_fpops": 1000000000,
      "completed_results": 16,
      "fast_task_completed": 4,
      "medium_task_completed": 4,
      "long_task_completed": 5,
      "random_task_completed": 3,
      "avg_elapsed_time": 14.124572562500001,
      "total_credit": 0.5231323171296297,
      "last_completion_time": 1765811782,
      "last_rpc_time": 1765811782,
      "host_create_time": 1765811179,
      "first_task_sent_time": 1765811647,
      "idle_time_seconds": 520,
      "time_since_last_rpc_seconds": 520,
      "time_since_connect_seconds": 1123
    },
    {
      "host_id": 10,
      "host_name": "boinc-client-11",
      "host_fpops": 1000000000,
      "completed_results": 52,
      "fast_task_completed": 14,
      "medium_task_completed": 6,
      "long_task_completed": 25,
      "random_task_completed": 7,
      "avg_elapsed_time": 17.80739701923077,
      "total_credit": 2.145200828743329,