{
  "timestamp": "2025-12-15T03:18:16.915087",
  "task_statistics": [
    {
      "app_name": "fast_task",
      "app_weight": 1351.0862810781487,
      "completed_workunits": 779,
      "completed_results": 779,
      "avg_elapsed_time": 1.0827417034659816,
      "avg_cpu_time": 0,
      "avg_credit": 0.0025192217826049343,
      "total_credit": 1.962473768649244,
      "avg_queue_time": 107.3389,
      "avg_execution_time": 81.1463,
      "min_elapsed_time": 1.002875,
      "max_elapsed_time": 2.912272
    },
    {
      "app_name": "long_task",
      "app_weight": 1851.5847237851488,
      "completed_workunits": 16,
      "completed_results": 16,
      "avg_elapsed_time": 29.949625687499996,
      "avg_cpu_time": 0,
      "avg_credit": 0.06932783723958331,
      "total_credit": 1.109245395833333,
      "avg_queue_time": 13.625,
      "avg_execution_time": 152.625,
      "min_elapsed_time": 29.005151,
      "max_elapsed_time": 30.373952
    },
    {
      "app_name": "medium_task",
      "app_weight": 0.7202639731108935,
      "completed_workunits": 105,
      "completed_results": 105,
      "avg_elapsed_time": 10.11253202857143,
      "avg_cpu_time": 0,
      "avg_credit": 0.02341378688478285,
      "total_credit": 2.458447622902199,
      "avg_queue_time": 164.419,
      "avg_execution_time": 124.9619,
      "min_elapsed_time": 9.12142,
      "max_elapsed_time": 10.730896
    },
    {
      "app_name": "random_task",
      "app_weight": 3.454292537519958,
      "completed_workunits": 55,
      "completed_results": 55,
      "avg_elapsed_time": 9.922007654545457,
      "avg_cpu_time": 0,
      "avg_credit": 0.022967610311447804,
      "total_credit": 1.2632185671296292,
      "avg_queue_time": 143.9455,
      "avg_execution_time": 154.4,
      "min_elapsed_time": 5.023436,
      "max_elapsed_time": 14.308234
    }
  ],
  "client_statistics": [
    {
      "host_id": 1,
      "host_name": "boinc-client-2",
      "host_fpops": 1000000000,
      "completed_results": 75,
      "fast_task_completed": 70,
      "medium_task_completed": 5,
      "long_task_completed": 0,
      "random_task_completed": 0,
      "avg_elapsed_time": 1.6872222399999994,
      "total_credit": 0.2935028670474332,
      "last_completion_time": 1765757526,
      "last_rpc_time": 1765757526,
      "host_create_time": 1765757280,
      "first_task_sent_time": 1765757410,
      "idle_time_seconds": 370,
      "time_since_last_rpc_seconds": 370,
      "time_since_connect_seconds": 616
    },
    {
      "host_id": 2,
      "host_name": "boinc-client-1",
      "host_fpops": 1000000000,
      "completed_results": 2,
      "fast_task_completed": 2,
      "medium_task_completed": 0,
      "long_task_completed": 0,
      "random_task_completed": 0,
      "avg_elapsed_time": 1.561241,
      "total_credit": 0.007227967592592593,
      "last_completion_time": 1765757432,
      "last_rpc_time": 1765757432,
      "host_create_time": 1765757280,
      "first_task_sent_time": 1765757417,
      "idle_time_seconds": 464,
      "time_since_last_rpc_seconds": 464,
      "time_since_connect_seconds": 616
    },
    {
      "host_id": 3,
      "host_name": "boinc-client-3",
      "host_fpops": 1000000000,
      "completed_results": 74,
      "fast_task_completed": 71,
      "medium_task_completed": 3,
      "long_task_completed": 0,
      "random_task_completed": 0,
      "avg_elapsed_time": 1.4219192027027028,
      "total_credit": 0.24420765428778926,
      "last_completion_time": 1765757526,
      "last_rpc_time": 1765757526,
      "host_create_time": 1765757285,
      "first_task_sent_time": 1765757410,
      "idle_time_seconds": 370,
      "time_since_last_rpc_seconds": 370,
      "time_since_connect_seconds": 611
    },
    {
      "host_id": 6,
      "host_name": "boinc-client-7",
      "host_fpops": 1000000000,
      "completed_results": 152,
      "fast_task_completed": 124,
      "medium_task_completed": 16,
      "long_task_completed": 0,
      "random_task_completed": 12,
      "avg_elapsed_time": 2.655592940789474,
      "total_credit": 0.9344865815682244,
      "last_completion_time": 1765757728,
      "last_rpc_time": 1765757728,
      "host_create_time": 1765757289,
      "first_task_sent_time": 1765757411,
      "idle_time_seconds": 168,
      "time_since_last_rpc_seconds": 168,
      "time_since_connect_seconds": 607
    },
    {
      "host_id": 11,
      "host_name": "boinc-client-12",
      "host_fpops": 1000000000,
      "completed_results": 161,
      "fast_task_completed": 130,
      "medium_task_completed": 26,
      "long_task_completed": 0,
      "random_task_completed": 5,
      "avg_elapsed_time": 2.854878012422357,
      "total_credit": 1.0593699526576914,
      "last_completion_time": 1765757751,
      "last_rpc_time": 1765757751,
      "host_create_time": 1765757300,
      "first_task_sent_time": 1765757410,
      "idle_time_seconds": 145,
      "time_since_last_rpc_seconds": 145,
      "time_since_connect_seconds": 596
    },
    {
      "host_id": 12,
      "host_name": "boinc-client-11",
      "host_fpops": 1000000000,
      "completed_results": 42,
      "fast_task_completed": 41,
      "medium_task_completed": 1,
      "long_task_completed": 0,
      "random_task_completed": 0,
      "avg_elapsed_time": 1.3187671904761902,
      "total_credit": 0.1281677461747416,
      "last_completion_time": 1765757480,
      "last_rpc_time": 1765757480,
      "host_create_time": 1765757300,
      "first_task_sent_time": 1765757410,
      "idle_time_seconds": 416,
      "time_since_last_rpc_seconds": 416,
      "time_since_connect_seconds": 596
    },
    {
      "host_id": 13,
      "host_name": "boinc-client-13",
      "host_fpops": 1000000000,
      "completed_results": 30,
      "fast_task_completed": 30,
      "medium_task_completed": 0,
      "long_task_completed": 0,
      "random_task_completed": 0,
      "avg_elapsed_time": 1.0607382666666665,
      "total_credit": 0.07366237962962963,
      "last_completion_time": 1765757456,
      "last_rpc_time": 1765757895,
      "host_create_time": 1765757300,
      "first_task_sent_time": 1765757411,
      "idle_time_seconds": 440,
      "time_since_last_rpc_seconds": 1,
      "time_since_connect_seconds": 596
    },
    {
      "host_id": 14,
      "host_name": "boinc-client-15",
      "host_fpops": 1000000000,
      "completed_results": 35,
      "fast_task_completed": 35,
      "medium_task_completed": 0,
      "long_task_completed": 0,
      "random_task_completed": 0,
      "avg_elapsed_time": 1.0836415714285716,
      "total_credit": 0.08463246051930576,
      "last_completion_time": 1765757457,
      "last_rpc_time": 1765757465,
      "host_create_time": 1765757306,
      "first_task_sent_time": 1765757410,
      "idle_time_seconds": 439,
      "time_since_last_rpc_seconds": 431,
      "time_since_connect_seconds": 590
    },
    {
      "host_id": 15,
      "host_name": "boinc-client-14",
      "host_fpops": 1000000000,
      "completed_results": 183,
      "fast_task_completed": 141,
      "medium_task_completed": 26,
      "long_task_completed": 0,
      "random_task_completed": 16,
      "avg_elapsed_time": 3.068381065573771,
      "total_credit": 1.3100046692645033,
      "last_completion_time": 1765757808,
      "last_rpc_time": 1765757808,
      "host_create_time": 1765757306,
      "first_task_sent_time": 1765757411,
      "idle_time_seconds": 88,
      "time_since_last_rpc_seconds": 88,
      "time_since_connect_seconds": 590
    },
    {
      "host_id": 18,
      "host_name": "boinc-client-17",
      "host_fpops": 1000000000,
      "completed_results": 73,
      "fast_task_completed": 68,
      "medium_task_completed": 5,
      "long_task_completed": 0,
      "random_task_completed": 0,
      "avg_elapsed_time": 1.704248890410959,
      "total_credit": 0.287865072190216,
      "last_completion_time": 1765757542,
      "last_rpc_time": 1765757542,
      "host_create_time": 1765757311,