{
  "timestamp": "2025-12-15T16:30:45.871546",
  "task_statistics": [
    {
      "app_name": "fast_task",
      "app_weight": 0.5366058218015414,
      "completed_workunits": 2082,
      "completed_results": 2082,
      "avg_elapsed_time": 1.1013784293948115,
      "avg_cpu_time": 0,
      "avg_credit": 0.0025921898463908298,
      "total_credit": 5.386570500800144,
      "avg_queue_time": 610.6705,
      "avg_execution_time": 160.3948,
      "min_elapsed_time": 1.00338,
      "max_elapsed_time": 3.493891,
      "in_progress_count": 2588
    },
    {
      "app_name": "long_task",
      "app_weight": 0.03940899134279362,
      "completed_workunits": 79,
      "completed_results": 79,
      "avg_elapsed_time": 31.422870835443028,
      "avg_cpu_time": 0,
      "avg_credit": 0.07273812693389592,
      "total_credit": 5.746312027777778,
      "avg_queue_time": 378.4177,
      "avg_execution_time": 167.4177,
      "min_elapsed_time": 30.591413,
      "max_elapsed_time": 32.646966,
      "in_progress_count": 41
    },
    {
      "app_name": "medium_task",
      "app_weight": 0.6667946507980271,
      "completed_workunits": 176,
      "completed_results": 176,
      "avg_elapsed_time": 10.603043534090908,
      "avg_cpu_time": 0,
      "avg_credit": 0.02452335594616981,
      "total_credit": 4.267063934633547,
      "avg_queue_time": 629.9659,
      "avg_execution_time": 115.7784,
      "min_elapsed_time": 9.184584,
      "max_elapsed_time": 12.574389,
      "in_progress_count": 561
    },
    {
      "app_name": "random_task",
      "app_weight": 0.06508414751288152,
      "completed_workunits": 156,
      "completed_results": 156,
      "avg_elapsed_time": 9.710724230769234,
      "avg_cpu_time": 0,
      "avg_credit": 0.022413278656607062,
      "total_credit": 3.4964714704307016,
      "avg_queue_time": 454.7179,
      "avg_execution_time": 214.5962,
      "min_elapsed_time": 5.023471,
      "max_elapsed_time": 16.588768,
      "in_progress_count": 248
    }
  ],
  "client_statistics": [
    {
      "host_id": 1,
      "host_name": "boinc-client-3",
      "host_fpops": 1000000000,
      "completed_results": 157,
      "fast_task_completed": 101,
      "medium_task_completed": 10,
      "long_task_completed": 10,
      "random_task_completed": 36,
      "avg_elapsed_time": 5.7338414203821655,
      "total_credit": 2.071836741639435,
      "last_completion_time": 1765804752,
      "last_rpc_time": 1765804752,
      "host_create_time": 1765803812,
      "first_task_sent_time": 1765804191,
      "idle_time_seconds": 693,
      "time_since_last_rpc_seconds": 693,
      "time_since_connect_seconds": 1633
    },
    {
      "host_id": 2,
      "host_name": "boinc-client-1",
      "host_fpops": 1000000000,
      "completed_results": 29,
      "fast_task_completed": 29,
      "medium_task_completed": 0,
      "long_task_completed": 0,
      "random_task_completed": 0,
      "avg_elapsed_time": 1.1088386896551723,
      "total_credit": 0.07443593055555556,
      "last_completion_time": 1765804237,
      "last_rpc_time": 1765804237,
      "host_create_time": 1765803813,
      "first_task_sent_time": 1765804191,
      "idle_time_seconds": 1208,
      "time_since_last_rpc_seconds": 1208,
      "time_since_connect_seconds": 1632
    },
    {
      "host_id": 3,
      "host_name": "boinc-client-2",
      "host_fpops": 1000000000,
      "completed_results": 632,
      "fast_task_completed": 522,
      "medium_task_completed": 62,
      "long_task_completed": 6,
      "random_task_completed": 42,
      "avg_elapsed_time": 2.8501521518987354,
      "total_credit": 4.122613288084524,
      "last_completion_time": 1765805444,
      "last_rpc_time": 1765805444,
      "host_create_time": 1765803813,
      "first_task_sent_time": 1765804183,
      "idle_time_seconds": 1,
      "time_since_last_rpc_seconds": 1,
      "time_since_connect_seconds": 1632
    },
    {
      "host_id": 4,
      "host_name": "boinc-client-6",
      "host_fpops": 1000000000,
      "completed_results": 316,
      "fast_task_completed": 315,
      "medium_task_completed": 1,
      "long_task_completed": 0,
      "random_task_completed": 0,
      "avg_elapsed_time": 1.112348642405064,
      "total_credit": 0.8411484162973853,
      "last_completion_time": 1765805040,
      "last_rpc_time": 1765805040,
      "host_create_time": 1765803818,
      "first_task_sent_time": 1765804636,
      "idle_time_seconds": 405,
      "time_since_last_rpc_seconds": 405,
      "time_since_connect_seconds": 1627
    },
    {
      "host_id": 5,
      "host_name": "boinc-client-4",
      "host_fpops": 1000000000,
      "completed_results": 64,
      "fast_task_completed": 64,
      "medium_task_completed": 0,
      "long_task_completed": 0,
      "random_task_completed": 0,
      "avg_elapsed_time": 1.076416171875,
      "total_credit": 0.15838175962631296,
      "last_completion_time": 1765804906,
      "last_rpc_time": 1765804906,
      "host_create_time": 1765803818,
      "first_task_sent_time": 1765804825,
      "idle_time_seconds": 539,
      "time_since_last_rpc_seconds": 539,
      "time_since_connect_seconds": 1627
    },
    {
      "host_id": 6,
      "host_name": "boinc-client-5",
      "host_fpops": 1000000000,
      "completed_results": 29,
      "fast_task_completed": 29,
      "medium_task_completed": 0,
      "long_task_completed": 0,
      "random_task_completed": 0,
      "avg_elapsed_time": 1.1098849310344827,
      "total_credit": 0.07450616435185187,
      "last_completion_time": 1765804237,
      "last_rpc_time": 1765804237,
      "host_create_time": 1765803818,
      "first_task_sent_time": 1765804191,
      "idle_time_seconds": 1208,
      "time_since_last_rpc_seconds": 1208,
      "time_since_connect_seconds": 1627
    },
    {
      "host_id": 7,
      "host_name": "boinc-client-7",
      "host_fpops": 1000000000,
      "completed_results": 405,
      "fast_task_completed": 391,
      "medium_task_completed": 13,
      "long_task_completed": 0,
      "random_task_completed": 1,
      "avg_elapsed_time": 1.409294219753086,
      "total_credit": 1.354002745985136,
      "last_completion_time": 1765805214,
      "last_rpc_time": 1765805214,
      "host_create_time": 1765803824,
      "first_task_sent_time": 1765804637,
      "idle_time_seconds": 231,
      "time_since_last_rpc_seconds": 231,
      "time_since_connect_seconds": 1621
    },
    {
      "host_id": 8,
      "host_name": "boinc-client-9",
      "host_fpops": 1000000000,
      "completed_results": 29,
      "fast_task_completed": 29,
      "medium_task_completed": 0,
      "long_task_completed": 0,
      "random_task_completed": 0,
      "avg_elapsed_time": 1.1086975862068966,
      "total_credit": 0.07442645833333333,
      "last_completion_time": 1765804237,
      "last_rpc_time": 1765804237,
      "host_create_time": 1765803824,
      "first_task_sent_time": 1765804191,
      "idle_time_seconds": 1208,
      "time_since_last_rpc_seconds": 1208,
      "time_since_connect_seconds": 1621
    },
    {
      "host_id": 9,
      "host_name": "boinc-client-8",
      "host_fpops": 1000000000,
      "completed_results": 26,
      "fast_task_completed": 26,
      "medium_task_completed": 0,
      "long_task_completed": 0,
      "random_task_completed": 0,
      "avg_elapsed_time": 1.118732423076923,
      "total_credit": 0.06733111805555556,
      "last_completion_time": 1765804232,
      "last_rpc_time": 1765804239,
      "host_create_time": 1765803824,
      "first_task_sent_time": 1765804191,
      "idle_time_seconds": 1213,
      "time_since_last_rpc_seconds": 1206,
      "time_since_connect_seconds": 1621
    },
    {
      "host_id": 10,
      "host_name": "boinc-client-11",
      "host_fpops": 1000000000,
      "completed_results": 6,
      "fast_task_completed": 0,
      "medium_task_completed": 6,
      "long_task_completed": 0,
      "random_task_completed": 0,
      "avg_elapsed_time": 10.726715500000003,