{
  "timestamp": "2025-12-15T14:08:57.128185",
  "task_statistics": [
    {
      "app_name": "fast_task",
      "app_weight": 100000,
      "completed_workunits": 1418,
      "completed_results": 1418,
      "avg_elapsed_time": 1.1087525472496467,
      "avg_cpu_time": 0,
      "avg_credit": 0.002565961964014264,
      "total_credit": 3.638534064972226,
      "avg_queue_time": 137.6629,
      "avg_execution_time": 90.4598,
      "min_elapsed_time": 1.003115,
      "max_elapsed_time": 3.440578
    },
    {
      "app_name": "long_task",
      "app_weight": 0.013094984720999646,
      "completed_workunits": 94,
      "completed_results": 94,
      "avg_elapsed_time": 31.06895309574469,
      "avg_cpu_time": 0,
      "avg_credit": 0.07191887290681641,
      "total_credit": 6.760374053240743,
      "avg_queue_time": 213.0,
      "avg_execution_time": 187.9468,
      "min_elapsed_time": 29.134969,
      "max_elapsed_time": 31.616777
    },
    {
      "app_name": "medium_task",
      "app_weight": 11.307509305192175,
      "completed_workunits": 181,
      "completed_results": 181,
      "avg_elapsed_time": 10.475122060773478,
      "avg_cpu_time": 0,
      "avg_credit": 0.024273503170165193,
      "total_credit": 4.3935040737999,
      "avg_queue_time": 341.3204,
      "avg_execution_time": 226.7569,
      "min_elapsed_time": 9.088702,
      "max_elapsed_time": 11.558315
    },
    {
      "app_name": "random_task",
      "app_weight": 27.501941998019312,
      "completed_workunits": 201,
      "completed_results": 201,
      "avg_elapsed_time": 10.135166024875625,
      "avg_cpu_time": 0,
      "avg_credit": 0.023804722644327998,
      "total_credit": 4.784749251509927,
      "avg_queue_time": 189.3284,
      "avg_execution_time": 135.2289,
      "min_elapsed_time": 5.015846,
      "max_elapsed_time": 16.485021
    }
  ],
  "client_statistics": [
    {
      "host_id": 1,
      "host_name": "boinc-client-1",
      "host_fpops": 1000000000,
      "completed_results": 142,
      "fast_task_completed": 97,
      "medium_task_completed": 18,
      "long_task_completed": 9,
      "random_task_completed": 18,
      "avg_elapsed_time": 5.327162992957743,
      "total_credit": 1.7700580613627142,
      "last_completion_time": 1765796666,
      "last_rpc_time": 1765796666,
      "host_create_time": 1765796021,
      "first_task_sent_time": 1765796176,
      "idle_time_seconds": 271,
      "time_since_last_rpc_seconds": 271,
      "time_since_connect_seconds": 916
    },
    {
      "host_id": 2,
      "host_name": "boinc-client-4",
      "host_fpops": 1000000000,
      "completed_results": 141,
      "fast_task_completed": 105,
      "medium_task_completed": 8,
      "long_task_completed": 12,
      "random_task_completed": 16,
      "avg_elapsed_time": 5.256444531914895,
      "total_credit": 1.7166670168465683,
      "last_completion_time": 1765796659,
      "last_rpc_time": 1765796666,
      "host_create_time": 1765796026,
      "first_task_sent_time": 1765796181,
      "idle_time_seconds": 278,
      "time_since_last_rpc_seconds": 271,
      "time_since_connect_seconds": 911
    },
    {
      "host_id": 3,
      "host_name": "boinc-client-2",
      "host_fpops": 1000000000,
      "completed_results": 205,
      "fast_task_completed": 130,
      "medium_task_completed": 48,
      "long_task_completed": 13,
      "random_task_completed": 14,
      "avg_elapsed_time": 5.9033311804878,
      "total_credit": 2.7957702461274474,
      "last_completion_time": 1765796928,
      "last_rpc_time": 1765796928,
      "host_create_time": 1765796026,
      "first_task_sent_time": 1765796182,
      "idle_time_seconds": 9,
      "time_since_last_rpc_seconds": 9,
      "time_since_connect_seconds": 911
    },
    {
      "host_id": 5,
      "host_name": "boinc-client-6",
      "host_fpops": 1000000000,
      "completed_results": 151,
      "fast_task_completed": 94,
      "medium_task_completed": 23,
      "long_task_completed": 2,
      "random_task_completed": 32,
      "avg_elapsed_time": 4.890151807947019,
      "total_credit": 1.6996121993964681,
      "last_completion_time": 1765796666,
      "last_rpc_time": 1765796666,
      "host_create_time": 1765796032,
      "first_task_sent_time": 1765796189,
      "idle_time_seconds": 271,
      "time_since_last_rpc_seconds": 271,
      "time_since_connect_seconds": 905
    },
    {
      "host_id": 7,
      "host_name": "boinc-client-7",
      "host_fpops": 1000000000,
      "completed_results": 95,
      "fast_task_completed": 77,
      "medium_task_completed": 3,
      "long_task_completed": 6,
      "random_task_completed": 9,
      "avg_elapsed_time": 4.172748789473684,
      "total_credit": 0.9282123130827425,
      "last_completion_time": 1765796460,
      "last_rpc_time": 1765796460,
      "host_create_time": 1765796032,
      "first_task_sent_time": 1765796184,
      "idle_time_seconds": 477,
      "time_since_last_rpc_seconds": 477,
      "time_since_connect_seconds": 905
    },
    {
      "host_id": 8,
      "host_name": "boinc-client-9",
      "host_fpops": 1000000000,
      "completed_results": 267,
      "fast_task_completed": 185,
      "medium_task_completed": 48,
      "long_task_completed": 4,
      "random_task_completed": 30,
      "avg_elapsed_time": 4.245596220973782,
      "total_credit": 2.6281574228038265,
      "last_completion_time": 1765796926,
      "last_rpc_time": 1765796926,
      "host_create_time": 1765796036,
      "first_task_sent_time": 1765796189,
      "idle_time_seconds": 11,
      "time_since_last_rpc_seconds": 11,
      "time_since_connect_seconds": 901
    },
    {
      "host_id": 9,
      "host_name": "boinc-client-8",
      "host_fpops": 1000000000,
      "completed_results": 129,
      "fast_task_completed": 103,
      "medium_task_completed": 2,
      "long_task_completed": 6,
      "random_task_completed": 18,
      "avg_elapsed_time": 3.8101442015503864,
      "total_credit": 1.1481773903959507,
      "last_completion_time": 1765796532,
      "last_rpc_time": 1765796532,
      "host_create_time": 1765796036,
      "first_task_sent_time": 1765796181,
      "idle_time_seconds": 405,
      "time_since_last_rpc_seconds": 405,
      "time_since_connect_seconds": 901
    },
    {
      "host_id": 10,
      "host_name": "boinc-client-12",
      "host_fpops": 1000000000,
      "completed_results": 115,
      "fast_task_completed": 94,
      "medium_task_completed": 1,
      "long_task_completed": 9,
      "random_task_completed": 11,
      "avg_elapsed_time": 4.3459528956521725,
      "total_credit": 1.1583673410181088,
      "last_completion_time": 1765796533,
      "last_rpc_time": 1765796533,
      "host_create_time": 1765796041,
      "first_task_sent_time": 1765796181,
      "idle_time_seconds": 404,
      "time_since_last_rpc_seconds": 404,
      "time_since_connect_seconds": 896
    },
    {
      "host_id": 11,
      "host_name": "boinc-client-11",
      "host_fpops": 1000000000,
      "completed_results": 140,
      "fast_task_completed": 97,
      "medium_task_completed": 15,
      "long_task_completed": 14,
      "random_task_completed": 14,
      "avg_elapsed_time": 5.997203278571428,
      "total_credit": 1.9528563015224205,
      "last_completion_time": 1765796718,
      "last_rpc_time": 1765796718,
      "host_create_time": 1765796042,
      "first_task_sent_time": 1765796189,
      "idle_time_seconds": 219,
      "time_since_last_rpc_seconds": 219,
      "time_since_connect_seconds": 895
    },
    {
      "host_id": 13,
      "host_name": "boinc-client-13",
      "host_fpops": 1000000000,
      "completed_results": 103,
      "fast_task_completed": 89,
      "medium_task_completed": 0,
      "long_task_completed": 1,
      "random_task_completed": 13,
      "avg_elapsed_time": 2.510962262135922,
      "total_credit": 0.5998743732253224,
      "last_completion_time": 1765796399,
      "last_rpc_time": 1765796399,
      "host_create_time": 1765796048,