{
  "timestamp": "2025-12-15T15:13:32.064242",
  "task_statistics": [
    {
      "app_name": "fast_task",
      "app_weight": 100,
      "completed_workunits": 1352,
      "completed_results": 1352,
      "avg_elapsed_time": 1.1117967927461119,
      "avg_cpu_time": 0,
      "avg_credit": 0.002613951760313548,
      "total_credit": 3.5131511658614087,
      "avg_queue_time": 607.6716,
      "avg_execution_time": 233.5089,
      "min_elapsed_time": 1.003033,
      "max_elapsed_time": 3.531899,
      "in_progress_count": 4648
    },
    {
      "app_name": "long_task",
      "app_weight": 4.308863363634813,
      "completed_workunits": 131,
      "completed_results": 131,
      "avg_elapsed_time": 31.005978839694652,
      "avg_cpu_time": 0,
      "avg_credit": 0.07176594579985404,
      "total_credit": 9.329572953981025,
      "avg_queue_time": 567.2977,
      "avg_execution_time": 188.4427,
      "min_elapsed_time": 29.169343,
      "max_elapsed_time": 32.593752,
      "in_progress_count": 717
    },
    {
      "app_name": "medium_task",
      "app_weight": 0.14966531996778817,
      "completed_workunits": 338,
      "completed_results": 338,
      "avg_elapsed_time": 10.499315366863907,
      "avg_cpu_time": 0,
      "avg_credit": 0.024315254752871863,
      "total_credit": 8.21855610647069,
      "avg_queue_time": 622.6479,
      "avg_execution_time": 294.5621,
      "min_elapsed_time": 9.075316,
      "max_elapsed_time": 12.58375,
      "in_progress_count": 734
    },
    {
      "app_name": "random_task",
      "app_weight": 0.2546613861628665,
      "completed_workunits": 324,
      "completed_results": 324,
      "avg_elapsed_time": 10.248032268518513,
      "avg_cpu_time": 0,
      "avg_credit": 0.023507017150400284,
      "total_credit": 7.522245488128091,
      "avg_queue_time": 635.1636,
      "avg_execution_time": 304.6358,
      "min_elapsed_time": 5.013177,
      "max_elapsed_time": 16.663775,
      "in_progress_count": 778
    }
  ],
  "client_statistics": [
    {
      "host_id": 1,
      "host_name": "boinc-client-1",
      "host_fpops": 1000000000,
      "completed_results": 336,
      "fast_task_completed": 189,
      "medium_task_completed": 70,
      "long_task_completed": 12,
      "random_task_completed": 65,
      "avg_elapsed_time": 5.980847494047621,
      "total_credit": 4.55226579483824,
      "last_completion_time": 1765800762,
      "last_rpc_time": 1765800762,
      "host_create_time": 1765799187,
      "first_task_sent_time": 1765799555,
      "idle_time_seconds": 50,
      "time_since_last_rpc_seconds": 50,
      "time_since_connect_seconds": 1625
    },
    {
      "host_id": 2,
      "host_name": "boinc-client-3",
      "host_fpops": 1000000000,
      "completed_results": 33,
      "fast_task_completed": 6,
      "medium_task_completed": 18,
      "long_task_completed": 2,
      "random_task_completed": 7,
      "avg_elapsed_time": 9.81727184848485,
      "total_credit": 0.749930488425926,
      "last_completion_time": 1765799749,
      "last_rpc_time": 1765799756,
      "host_create_time": 1765799193,
      "first_task_sent_time": 1765799548,
      "idle_time_seconds": 1063,
      "time_since_last_rpc_seconds": 1056,
      "time_since_connect_seconds": 1619
    },
    {
      "host_id": 3,
      "host_name": "boinc-client-2",
      "host_fpops": 1000000000,
      "completed_results": 178,
      "fast_task_completed": 97,
      "medium_task_completed": 23,
      "long_task_completed": 26,
      "random_task_completed": 32,
      "avg_elapsed_time": 8.373910203389828,
      "total_credit": 3.4659826030773044,
      "last_completion_time": 1765800401,
      "last_rpc_time": 1765800401,
      "host_create_time": 1765799194,
      "first_task_sent_time": 1765799550,
      "idle_time_seconds": 411,
      "time_since_last_rpc_seconds": 411,
      "time_since_connect_seconds": 1618
    },
    {
      "host_id": 4,
      "host_name": "boinc-client-6",
      "host_fpops": 1000000000,
      "completed_results": 85,
      "fast_task_completed": 34,
      "medium_task_completed": 26,
      "long_task_completed": 0,
      "random_task_completed": 25,
      "avg_elapsed_time": 6.6730450823529415,
      "total_credit": 1.3439423496782603,
      "last_completion_time": 1765800282,
      "last_rpc_time": 1765800282,
      "host_create_time": 1765799198,
      "first_task_sent_time": 1765799943,
      "idle_time_seconds": 530,
      "time_since_last_rpc_seconds": 530,
      "time_since_connect_seconds": 1614
    },
    {
      "host_id": 5,
      "host_name": "boinc-client-4",
      "host_fpops": 1000000000,
      "completed_results": 33,
      "fast_task_completed": 32,
      "medium_task_completed": 1,
      "long_task_completed": 0,
      "random_task_completed": 0,
      "avg_elapsed_time": 1.3994717272727275,
      "total_credit": 0.10750036428837684,
      "last_completion_time": 1765799628,
      "last_rpc_time": 1765799628,
      "host_create_time": 1765799199,
      "first_task_sent_time": 1765799556,
      "idle_time_seconds": 1184,
      "time_since_last_rpc_seconds": 1184,
      "time_since_connect_seconds": 1613
    },
    {
      "host_id": 6,
      "host_name": "boinc-client-5",
      "host_fpops": 1000000000,
      "completed_results": 184,
      "fast_task_completed": 139,
      "medium_task_completed": 10,
      "long_task_completed": 23,
      "random_task_completed": 12,
      "avg_elapsed_time": 6.006318967391303,
      "total_credit": 2.566265589493366,
      "last_completion_time": 1765800214,
      "last_rpc_time": 1765800214,
      "host_create_time": 1765799200,
      "first_task_sent_time": 1765799550,
      "idle_time_seconds": 598,
      "time_since_last_rpc_seconds": 598,
      "time_since_connect_seconds": 1612
    },
    {
      "host_id": 7,
      "host_name": "boinc-client-7",
      "host_fpops": 1000000000,
      "completed_results": 26,
      "fast_task_completed": 4,
      "medium_task_completed": 13,
      "long_task_completed": 0,
      "random_task_completed": 9,
      "avg_elapsed_time": 9.04055880769231,
      "total_credit": 0.5441077060185187,
      "last_completion_time": 1765799694,
      "last_rpc_time": 1765799694,
      "host_create_time": 1765799200,
      "first_task_sent_time": 1765799548,
      "idle_time_seconds": 1118,
      "time_since_last_rpc_seconds": 1118,
      "time_since_connect_seconds": 1612
    },
    {
      "host_id": 9,
      "host_name": "boinc-client-8",
      "host_fpops": 1000000000,
      "completed_results": 35,
      "fast_task_completed": 15,
      "medium_task_completed": 11,
      "long_task_completed": 0,
      "random_task_completed": 9,
      "avg_elapsed_time": 6.115915257142857,
      "total_credit": 0.49497724559914197,
      "last_completion_time": 1765800081,
      "last_rpc_time": 1765800081,
      "host_create_time": 1765799204,
      "first_task_sent_time": 1765799943,
      "idle_time_seconds": 731,
      "time_since_last_rpc_seconds": 731,
      "time_since_connect_seconds": 1608
    },
    {
      "host_id": 10,
      "host_name": "boinc-client-11",
      "host_fpops": 1000000000,
      "completed_results": 56,
      "fast_task_completed": 34,
      "medium_task_completed": 9,
      "long_task_completed": 7,
      "random_task_completed": 6,
      "avg_elapsed_time": 7.203847303571429,
      "total_credit": 0.9333131117205199,
      "last_completion_time": 1765799811,
      "last_rpc_time": 1765799818,
      "host_create_time": 1765799209,
      "first_task_sent_time": 1765799556,
      "idle_time_seconds": 1001,
      "time_since_last_rpc_seconds": 994,
      "time_since_connect_seconds": 1603
    },
    {
      "host_id": 11,
      "host_name": "boinc-client-12",
      "host_fpops": 1000000000,
      "completed_results": 20,
      "fast_task_completed": 10,
      "medium_task_completed": 7,
      "long_task_completed": 0,
      "random_task_completed": 3,
      "avg_elapsed_time": 5.443983599999999,